rank,feature,mutual_information
1,OverallQual_GrLivArea,0.7098692885416833
2,TotalSF,0.6431396199609978
3,OverallQual,0.5257551411668233
4,GrLivArea,0.4447259399677086
5,GarageCapacityArea,0.3847992610371094
6,GarageArea,0.3611326003571773
7,GarageCars,0.35513602942544864
8,TotalBathrooms,0.3388899350327059
9,AgeAtSale,0.3354924486014297
10,YearBuilt,0.3338161934658599
11,TotalBsmtSF,0.33107476612986764
12,1stFlrSF,0.2878215429957893
13,MSSubClass,0.28187925168860906
14,FullBath,0.254213213615611
15,GarageYrBlt,0.25317945090445404
16,RemodAge,0.24914549221281757
17,ExterQual_TA,0.23389748352876216
18,YearRemodAdd,0.23041157085693165
19,GarageFinish_Unf,0.22581600261123125
20,2ndFlrSF,0.2199590928819295
21,BsmtQual_TA,0.20155689847318992
22,KitchenQual_TA,0.19608796848854282
23,ExterQual_Gd,0.1915582527036095
24,TotRmsAbvGrd,0.17523709775208696
25,Foundation_PConc,0.17235121555109623
26,LotArea,0.17065145062471965
27,Fireplaces,0.16962118869113585
28,OpenPorchSF,0.16160736052998814
29,BsmtQual_Gd,0.1600358681624121
30,BsmtUnfSF,0.15617267222271325
31,KitchenQual_Gd,0.15607320632692256
32,LotFrontage,0.15328921866046485
33,BsmtFinSF1,0.15116205812938377
34,HeatingQC_Ex,0.13780584112914074
35,TotalPorchSF,0.1312233221705088
36,BsmtQual_Ex,0.11745735909993194
37,GarageType_Detchd,0.11284438309459288
38,GarageFinish_Fin,0.10537757953176285
39,BsmtFinType1_GLQ,0.09945020980239527
40,Exterior2nd_VinylSd,0.09747741435007051
41,OverallCond,0.09587371093051544
42,KitchenQual_Ex,0.09431002372911701
43,HeatingQC_TA,0.09415515926316154
44,WoodDeckSF,0.08916105473248237
45,Foundation_CBlock,0.08754415622922274
46,Exterior1st_VinylSd,0.08621646571326314
47,GarageFinish_RFn,0.08555784623782148
48,LotShape_Reg,0.0786990189533312
49,MasVnrArea,0.0774411782518225
50,MSZoning_RM,0.07378737971696481
51,CentralAir_N,0.07224480190218174
52,HalfBath,0.07190724780995716
53,CentralAir_Y,0.0686614883675789
54,ExterQual_Ex,0.06531267001467467
55,FireplaceQu_TA,0.06475926106318353
56,BedroomAbvGr,0.06188854684159972
57,Neighborhood_NridgHt,0.06104422195789061
58,SaleCondition_Partial,0.060423875924105364
59,GarageType_Attchd,0.06001201548427959
60,Neighborhood_NAmes,0.05993506855375408
61,SaleType_New,0.05788168873832067
62,FireplaceQu_Gd,0.05658260479357802
63,LotShape_IR1,0.056165377005753525
64,Neighborhood_NoRidge,0.05556429242859595
65,HouseStyle_2Story,0.05465298423533338
66,BsmtExposure_No,0.05245775754446336
67,MSZoning_RL,0.05132738604862386
68,Electrical_SBrkr,0.04553044974749443
69,BsmtFinType1_Unf,0.04472765722592964
70,Neighborhood_CollgCr,0.04471805036763654
71,MasVnrType_Stone,0.04229154545701341
72,PavedDrive_N,0.04153621496973625
73,BsmtFullBath,0.04108468422853462
74,BsmtFinType1_ALQ,0.04027267770425014
75,PavedDrive_Y,0.03961977520148641
76,Neighborhood_Somerst,0.039158075569710515
77,Neighborhood_Gilbert,0.038035134038851615
78,SaleType_WD,0.03767609432658858
79,HouseStyle_1.5Fin,0.032942510812360215
80,BsmtExposure_Av,0.032437932667773506
81,Exterior1st_Wd Sdng,0.031191917936722824
82,MSZoning_FV,0.030289830409793828
83,Neighborhood_NWAmes,0.028927181499176724
84,Neighborhood_OldTown,0.02817953127779549
85,Electrical_FuseA,0.027791823489611733
86,Exterior2nd_Wd Sdng,0.027724421599263804
87,Exterior2nd_MetalSd,0.0277138812567701
88,Exterior1st_HdBoard,0.02751031441582308
89,FireplaceQu_Ex,0.027507491136860573
90,HeatingQC_Gd,0.026933032972399573
91,Neighborhood_Edwards,0.026330666052517104
92,Foundation_BrkTil,0.0259776777070011
93,MasVnrType_BrkFace,0.025431809002895323
94,KitchenQual_Fa,0.02506248327347227
95,BsmtExposure_Gd,0.024390038075933207
96,LotConfig_CulDSac,0.02428762030113507
97,LotConfig_Inside,0.02390240523457221
98,ExterCond_TA,0.02366587163567302
99,Exterior1st_MetalSd,0.023185708703816754
100,RoofStyle_Gable,0.022996845619556172
101,EnclosedPorch,0.02291081732979361
102,KitchenAbvGr,0.022562012295875622
103,ExterCond_Fa,0.021733920637072135
104,BldgType_Duplex,0.020912708050480733
105,HeatingQC_Fa,0.019820647488953513
106,Neighborhood_Sawyer,0.01971139975524072
107,ScreenPorch,0.019595509956541024
108,Neighborhood_IDOTRR,0.019429566216955463
109,Neighborhood_BrkSide,0.019179517092207554
110,SaleType_COD,0.01794556737994024
111,Exterior2nd_CmentBd,0.017841733666143167
112,Exterior2nd_HdBoard,0.017764372686479568
113,HouseStyle_SLvl,0.0172572332753258
114,Neighborhood_BrDale,0.01690161038061977
115,LandContour_Bnk,0.016291760362666663
116,BsmtFinType1_Rec,0.01590091698443774
117,GarageType_BuiltIn,0.0158390831946853
118,Foundation_Slab,0.015598581932320443
119,BsmtCond_Fa,0.014917372391006989
120,LandContour_HLS,0.014916565399164083
121,Exterior1st_CemntBd,0.014880085662898557
122,Condition1_Norm,0.014055694763380755
123,Condition1_Artery,0.01323854234878774
124,Electrical_FuseF,0.013083965608718273
125,GarageCond_Fa,0.012617722837603429
126,Heating_GasA,0.012084389768982184
127,HouseStyle_1.5Unf,0.011741808267622278
128,BsmtFinSF2,0.011286729262199202
129,Neighborhood_MeadowV,0.011156058093737764
130,HouseStyle_1Story,0.011016163513661636
131,Neighborhood_NPkVill,0.010997582463819544
132,RoofStyle_Hip,0.010951129776403334
133,Neighborhood_StoneBr,0.010584728013971478
134,LandContour_Lvl,0.010376433071255242
135,ExterQual_Fa,0.009921240156943623
136,LotShape_IR2,0.009880892848967093
137,GarageQual_Fa,0.009772803908430161
138,HouseStyle_SFoyer,0.009756991722621677
139,LotConfig_Corner,0.009671923924312154
140,BsmtQual_Fa,0.009509770640089732
141,Heating_Wall,0.009499848806016065
142,BsmtFinType1_LwQ,0.009463492851722766
143,Condition1_Feedr,0.009412084683203314
144,ExterCond_Gd,0.009347980581240867
145,Neighborhood_Mitchel,0.009235738762607637
146,Exterior1st_AsbShng,0.009210112847313656
147,BldgType_Twnhs,0.009017275299640914
148,Neighborhood_Blmngtn,0.008542223195766252
149,Exterior2nd_Plywood,0.008369333427010961
150,Condition2_Norm,0.008353106023693435
151,YrSold,0.008128611010241205
152,Heating_Grav,0.008102510949653308
153,GarageCond_TA,0.007973528171906219
154,SaleCondition_Normal,0.0077133066842456355
155,Neighborhood_ClearCr,0.0075139175043437145
156,Exterior2nd_Brk Cmn,0.007457651811847987
157,PavedDrive_P,0.0073939415196542235
158,BldgType_1Fam,0.007392160313615115
159,BldgType_2fmCon,0.007366400588035393
160,RoofMatl_CompShg,0.007365408954785435
161,Condition1_PosA,0.0070613998334503325
162,BsmtFinType1_BLQ,0.006937780606389943
163,Neighborhood_Crawfor,0.006780909180946537
164,Neighborhood_Veenker,0.006349885694818869
165,Functional_Min2,0.006057470579409419
166,Exterior2nd_AsbShng,0.0057075689910595084
167,BsmtCond_Gd,0.005375857860204336
168,Neighborhood_SawyerW,0.005354365457559851
169,Condition1_RRAn,0.0052826961012175655
170,Exterior2nd_Stucco,0.00487699440010636
171,GarageCond_Po,0.004776341080835467
172,BsmtFinType2_LwQ,0.004577114204183719
173,LowQualFinSF,0.004462687383896213
174,BsmtExposure_Mn,0.0040030805033970385
175,Condition1_RRAe,0.003983652823420281
176,Exterior2nd_Wd Shng,0.003879664024180496
177,Exterior1st_Plywood,0.003690576476656826
178,MSZoning_RH,0.003528637333539697
179,GarageType_CarPort,0.0032414610881390526
180,HouseStyle_2.5Fin,0.0031641481628004176
181,BsmtFinType2_GLQ,0.0031121371275655285
182,SaleCondition_Abnorml,0.0029542092706371648
183,Functional_Maj1,0.002731965102087286
184,LotShape_IR3,0.0022414249462954228
185,SaleCondition_AdjLand,0.0022279983874660125
186,GarageQual_TA,0.002189205254328419
187,BldgType_TwnhsE,0.001992718514725933
188,FireplaceQu_Fa,0.0018332345932059457
189,FireplaceQu_Po,0.0017474547526742379
190,Neighborhood_Timber,0.0017455611895071943
191,GarageQual_Gd,0.0014696791624912997
192,BsmtHalfBath,0.0013232238700513488
193,SaleType_Con,0.0012697047233779513
194,GarageType_2Types,0.0012408851046288305
195,RoofMatl_WdShngl,0.00107366649894014
196,LotConfig_FR3,0.0009787618876787585
197,MasVnrType_BrkCmn,0.0009714325298038062
198,Exterior2nd_CBlock,0.0009189080358482649
199,Condition2_PosN,0.0008820074858322258
200,Exterior2nd_BrkFace,0.0007979782746427855
201,Heating_Floor,0.0007300490412965877
202,Neighborhood_SWISU,0.0007287413149896782
203,Electrical_FuseP,0.0006916894996865652
204,GarageQual_Po,0.0006224350493614361
205,Condition1_PosN,0.000576886916732744
206,HouseStyle_2.5Unf,0.0005164442100080713
207,Exterior2nd_Other,0.00048252946304161437
208,Condition2_RRAn,0.0003528208496902385
209,Condition2_Artery,0.0003517095212233201
210,SaleType_CWD,0.00029046886110983827
211,LandSlope_Mod,0.00027399842869613167
212,RoofMatl_ClyTile,0.0002542236721798652
213,RoofMatl_Tar&Grv,0.00024781300105691795
214,Condition2_RRNn,0.0002468265376690537
215,RoofMatl_Metal,0.00017375507591532724
216,MSZoning_C (all),0.00011571603978677292
217,Exterior1st_CBlock,5.464818038225516e-05
218,RoofStyle_Gambrel,4.8094601778014834e-05
219,HeatingQC_Po,4.6667531264699136e-05
220,Condition2_PosA,2.4794606213407455e-05
221,RoofMatl_WdShake,1.1789455619193312e-05
222,Condition2_RRAe,0.0
223,SaleCondition_Family,0.0
224,SaleType_ConLD,0.0
225,SaleType_ConLI,0.0
226,SaleType_ConLw,0.0
227,SaleType_Oth,0.0
228,SaleCondition_Alloca,0.0
229,RoofStyle_Flat,0.0
230,RoofStyle_Mansard,0.0
231,RoofStyle_Shed,0.0
232,Condition2_Feedr,0.0
233,RoofMatl_Roll,0.0
234,Exterior1st_BrkFace,0.0
235,Exterior1st_BrkComm,0.0
236,Exterior2nd_AsphShn,0.0
237,Condition1_RRNe,0.0
238,ExterCond_Ex,0.0
239,ExterCond_Po,0.0
240,Condition1_RRNn,0.0
241,Exterior1st_WdShing,0.0
242,Exterior1st_Stone,0.0
243,Exterior1st_Stucco,0.0
244,Exterior1st_ImStucc,0.0
245,Exterior1st_AsphShn,0.0
246,Exterior2nd_Stone,0.0
247,Exterior2nd_ImStucc,0.0
248,BsmtFinType2_ALQ,0.0
249,BsmtCond_TA,0.0
250,BsmtCond_Po,0.0
251,Foundation_Stone,0.0
252,Foundation_Wood,0.0
253,LandSlope_Gtl,0.0
254,LandSlope_Sev,0.0
255,Neighborhood_Blueste,0.0
256,Heating_GasW,0.0
257,BsmtFinType2_Unf,0.0
258,BsmtFinType2_BLQ,0.0
259,BsmtFinType2_Rec,0.0
260,Heating_OthW,0.0
261,LandContour_Low,0.0
262,Utilities_AllPub,0.0
263,Utilities_NoSeWa,0.0
264,Street_Grvl,0.0
265,LotConfig_FR2,0.0
266,Functional_Typ,0.0
267,Functional_Sev,0.0
268,Street_Pave,0.0
269,Functional_Maj2,0.0
270,Functional_Min1,0.0
271,Functional_Mod,0.0
272,GarageType_Basment,0.0
273,GarageQual_Ex,0.0
274,MiscVal,0.0
275,MoSold,0.0
276,3SsnPorch,0.0
277,PoolArea,0.0
278,GarageCond_Ex,0.0
279,GarageCond_Gd,0.0
