config_id,hidden,dropout,lr,batch,weight_decay,optimizer,cv_log_rmse,val_log_rmse_top3
2,"(256, 128)",0.3,0.0003,32,0.01,adamw,0.11656982344141677,0.12632002557768052
0,"(256, 128)",0.2,0.001,32,0.001,adamw,0.12303549204693413,0.12707009379468917
7,"(128,)",0.2,0.001,64,0.0001,adamw,0.12310521543126561,0.12717161327176343
11,"(256, 256)",0.3,0.001,32,0.001,adamw,0.12383150114979363,
4,"(256, 128)",0.3,0.003,64,0.0001,adamw,0.12415945132820898,
1,"(128,)",0.1,0.003,64,0.0001,adam,0.12537229959228466,
10,"(512, 256, 128)",0.1,0.0003,32,0.001,adamw,0.12564893998303217,
6,"(256, 128)",0.1,0.001,32,0.0001,adamw,0.1256779380912843,
5,"(512, 256, 128)",0.1,0.0003,64,0.001,adamw,0.1275828354340791,
8,"(128,)",0.2,0.0003,64,0.01,adamw,0.13032657428214572,
9,"(256, 128)",0.3,0.0003,32,0.01,adam,0.1305277309451439,
3,"(128,)",0.1,0.0003,32,0.0001,adam,0.1319668071933693,
