,mutual_information
OverallQual_GrLivArea,0.7098692885416833
TotalSF,0.6431396199609978
OverallQual,0.5257551411668233
GrLivArea,0.4447259399677086
GarageCapacityArea,0.3847992610371094
GarageArea,0.3611326003571773
GarageCars,0.35513602942544864
TotalBathrooms,0.3388899350327059
AgeAtSale,0.3354924486014297
YearBuilt,0.3338161934658599
TotalBsmtSF,0.33107476612986764
1stFlrSF,0.2878215429957893
MSSubClass,0.28187925168860906
FullBath,0.254213213615611
GarageYrBlt,0.25317945090445404
RemodAge,0.24914549221281757
ExterQual_TA,0.23389748352876216
YearRemodAdd,0.23041157085693165
GarageFinish_Unf,0.22581600261123125
2ndFlrSF,0.2199590928819295
BsmtQual_TA,0.20155689847318992
KitchenQual_TA,0.19608796848854282
ExterQual_Gd,0.1915582527036095
TotRmsAbvGrd,0.17523709775208696
Foundation_PConc,0.17235121555109623
LotArea,0.17065145062471965
Fireplaces,0.16962118869113585
OpenPorchSF,0.16160736052998814
BsmtQual_Gd,0.1600358681624121
BsmtUnfSF,0.15617267222271325
KitchenQual_Gd,0.15607320632692256
LotFrontage,0.15328921866046485
BsmtFinSF1,0.15116205812938377
HeatingQC_Ex,0.13780584112914074
TotalPorchSF,0.1312233221705088
BsmtQual_Ex,0.11745735909993194
GarageType_Detchd,0.11284438309459288
GarageFinish_Fin,0.10537757953176285
BsmtFinType1_GLQ,0.09945020980239527
Exterior2nd_VinylSd,0.09747741435007051
OverallCond,0.09587371093051544
KitchenQual_Ex,0.09431002372911701
HeatingQC_TA,0.09415515926316154
WoodDeckSF,0.08916105473248237
Foundation_CBlock,0.08754415622922274
Exterior1st_VinylSd,0.08621646571326314
GarageFinish_RFn,0.08555784623782148
LotShape_Reg,0.0786990189533312
MasVnrArea,0.0774411782518225
MSZoning_RM,0.07378737971696481
CentralAir_N,0.07224480190218174
HalfBath,0.07190724780995716
CentralAir_Y,0.0686614883675789
ExterQual_Ex,0.06531267001467467
FireplaceQu_TA,0.06475926106318353
BedroomAbvGr,0.06188854684159972
Neighborhood_NridgHt,0.06104422195789061
SaleCondition_Partial,0.060423875924105364
GarageType_Attchd,0.06001201548427959
Neighborhood_NAmes,0.05993506855375408
SaleType_New,0.05788168873832067
FireplaceQu_Gd,0.05658260479357802
LotShape_IR1,0.056165377005753525
Neighborhood_NoRidge,0.05556429242859595
HouseStyle_2Story,0.05465298423533338
BsmtExposure_No,0.05245775754446336
MSZoning_RL,0.05132738604862386
Electrical_SBrkr,0.04553044974749443
BsmtFinType1_Unf,0.04472765722592964
Neighborhood_CollgCr,0.04471805036763654
MasVnrType_Stone,0.04229154545701341
PavedDrive_N,0.04153621496973625
BsmtFullBath,0.04108468422853462
BsmtFinType1_ALQ,0.04027267770425014
PavedDrive_Y,0.03961977520148641
Neighborhood_Somerst,0.039158075569710515
Neighborhood_Gilbert,0.038035134038851615
SaleType_WD,0.03767609432658858
HouseStyle_1.5Fin,0.032942510812360215
BsmtExposure_Av,0.032437932667773506
Exterior1st_Wd Sdng,0.031191917936722824
MSZoning_FV,0.030289830409793828
Neighborhood_NWAmes,0.028927181499176724
Neighborhood_OldTown,0.02817953127779549
Electrical_FuseA,0.027791823489611733
Exterior2nd_Wd Sdng,0.027724421599263804
Exterior2nd_MetalSd,0.0277138812567701
Exterior1st_HdBoard,0.02751031441582308
FireplaceQu_Ex,0.027507491136860573
HeatingQC_Gd,0.026933032972399573
Neighborhood_Edwards,0.026330666052517104
Foundation_BrkTil,0.0259776777070011
MasVnrType_BrkFace,0.025431809002895323
KitchenQual_Fa,0.02506248327347227
BsmtExposure_Gd,0.024390038075933207
LotConfig_CulDSac,0.02428762030113507
LotConfig_Inside,0.02390240523457221
ExterCond_TA,0.02366587163567302
Exterior1st_MetalSd,0.023185708703816754
RoofStyle_Gable,0.022996845619556172
EnclosedPorch,0.02291081732979361
KitchenAbvGr,0.022562012295875622
ExterCond_Fa,0.021733920637072135
BldgType_Duplex,0.020912708050480733
HeatingQC_Fa,0.019820647488953513
Neighborhood_Sawyer,0.01971139975524072
ScreenPorch,0.019595509956541024
Neighborhood_IDOTRR,0.019429566216955463
Neighborhood_BrkSide,0.019179517092207554
SaleType_COD,0.01794556737994024
Exterior2nd_CmentBd,0.017841733666143167
Exterior2nd_HdBoard,0.017764372686479568
HouseStyle_SLvl,0.0172572332753258
Neighborhood_BrDale,0.01690161038061977
LandContour_Bnk,0.016291760362666663
BsmtFinType1_Rec,0.01590091698443774
GarageType_BuiltIn,0.0158390831946853
Foundation_Slab,0.015598581932320443
BsmtCond_Fa,0.014917372391006989
LandContour_HLS,0.014916565399164083
Exterior1st_CemntBd,0.014880085662898557
Condition1_Norm,0.014055694763380755
Condition1_Artery,0.01323854234878774
Electrical_FuseF,0.013083965608718273
GarageCond_Fa,0.012617722837603429
Heating_GasA,0.012084389768982184
HouseStyle_1.5Unf,0.011741808267622278
BsmtFinSF2,0.011286729262199202
Neighborhood_MeadowV,0.011156058093737764
HouseStyle_1Story,0.011016163513661636
Neighborhood_NPkVill,0.010997582463819544
RoofStyle_Hip,0.010951129776403334
Neighborhood_StoneBr,0.010584728013971478
LandContour_Lvl,0.010376433071255242
ExterQual_Fa,0.009921240156943623
LotShape_IR2,0.009880892848967093
GarageQual_Fa,0.009772803908430161
HouseStyle_SFoyer,0.009756991722621677
LotConfig_Corner,0.009671923924312154
BsmtQual_Fa,0.009509770640089732
Heating_Wall,0.009499848806016065
BsmtFinType1_LwQ,0.009463492851722766
Condition1_Feedr,0.009412084683203314
ExterCond_Gd,0.009347980581240867
Neighborhood_Mitchel,0.009235738762607637
Exterior1st_AsbShng,0.009210112847313656
BldgType_Twnhs,0.009017275299640914
Neighborhood_Blmngtn,0.008542223195766252
Exterior2nd_Plywood,0.008369333427010961
Condition2_Norm,0.008353106023693435
YrSold,0.008128611010241205
Heating_Grav,0.008102510949653308
GarageCond_TA,0.007973528171906219
SaleCondition_Normal,0.0077133066842456355
Neighborhood_ClearCr,0.0075139175043437145
Exterior2nd_Brk Cmn,0.007457651811847987
PavedDrive_P,0.0073939415196542235
BldgType_1Fam,0.007392160313615115
BldgType_2fmCon,0.007366400588035393
RoofMatl_CompShg,0.007365408954785435
Condition1_PosA,0.0070613998334503325
BsmtFinType1_BLQ,0.006937780606389943
Neighborhood_Crawfor,0.006780909180946537
Neighborhood_Veenker,0.006349885694818869
Functional_Min2,0.006057470579409419
Exterior2nd_AsbShng,0.0057075689910595084
BsmtCond_Gd,0.005375857860204336
Neighborhood_SawyerW,0.005354365457559851
Condition1_RRAn,0.0052826961012175655
Exterior2nd_Stucco,0.00487699440010636
GarageCond_Po,0.004776341080835467
BsmtFinType2_LwQ,0.004577114204183719
LowQualFinSF,0.004462687383896213
BsmtExposure_Mn,0.0040030805033970385
Condition1_RRAe,0.003983652823420281
Exterior2nd_Wd Shng,0.003879664024180496
Exterior1st_Plywood,0.003690576476656826
MSZoning_RH,0.003528637333539697
GarageType_CarPort,0.0032414610881390526
HouseStyle_2.5Fin,0.0031641481628004176
BsmtFinType2_GLQ,0.0031121371275655285
SaleCondition_Abnorml,0.0029542092706371648
Functional_Maj1,0.002731965102087286
LotShape_IR3,0.0022414249462954228
SaleCondition_AdjLand,0.0022279983874660125
GarageQual_TA,0.002189205254328419
BldgType_TwnhsE,0.001992718514725933
FireplaceQu_Fa,0.0018332345932059457
FireplaceQu_Po,0.0017474547526742379
Neighborhood_Timber,0.0017455611895071943
GarageQual_Gd,0.0014696791624912997
BsmtHalfBath,0.0013232238700513488
SaleType_Con,0.0012697047233779513
GarageType_2Types,0.0012408851046288305
RoofMatl_WdShngl,0.00107366649894014
LotConfig_FR3,0.0009787618876787585
MasVnrType_BrkCmn,0.0009714325298038062
Exterior2nd_CBlock,0.0009189080358482649
Condition2_PosN,0.0008820074858322258
Exterior2nd_BrkFace,0.0007979782746427855
Heating_Floor,0.0007300490412965877
Neighborhood_SWISU,0.0007287413149896782
Electrical_FuseP,0.0006916894996865652
GarageQual_Po,0.0006224350493614361
Condition1_PosN,0.000576886916732744
HouseStyle_2.5Unf,0.0005164442100080713
Exterior2nd_Other,0.00048252946304161437
Condition2_RRAn,0.0003528208496902385
Condition2_Artery,0.0003517095212233201
SaleType_CWD,0.00029046886110983827
LandSlope_Mod,0.00027399842869613167
RoofMatl_ClyTile,0.0002542236721798652
RoofMatl_Tar&Grv,0.00024781300105691795
Condition2_RRNn,0.0002468265376690537
RoofMatl_Metal,0.00017375507591532724
MSZoning_C (all),0.00011571603978677292
Exterior1st_CBlock,5.464818038225516e-05
RoofStyle_Gambrel,4.8094601778014834e-05
HeatingQC_Po,4.6667531264699136e-05
Condition2_PosA,2.4794606213407455e-05
RoofMatl_WdShake,1.1789455619193312e-05
Condition2_RRAe,0.0
SaleCondition_Family,0.0
SaleType_ConLD,0.0
SaleType_ConLI,0.0
SaleType_ConLw,0.0
SaleType_Oth,0.0
SaleCondition_Alloca,0.0
RoofStyle_Flat,0.0
RoofStyle_Mansard,0.0
RoofStyle_Shed,0.0
Condition2_Feedr,0.0
RoofMatl_Roll,0.0
Exterior1st_BrkFace,0.0
Exterior1st_BrkComm,0.0
Exterior2nd_AsphShn,0.0
Condition1_RRNe,0.0
ExterCond_Ex,0.0
ExterCond_Po,0.0
Condition1_RRNn,0.0
Exterior1st_WdShing,0.0
Exterior1st_Stone,0.0
Exterior1st_Stucco,0.0
Exterior1st_ImStucc,0.0
Exterior1st_AsphShn,0.0
Exterior2nd_Stone,0.0
Exterior2nd_ImStucc,0.0
BsmtFinType2_ALQ,0.0
BsmtCond_TA,0.0
BsmtCond_Po,0.0
Foundation_Stone,0.0
Foundation_Wood,0.0
LandSlope_Gtl,0.0
LandSlope_Sev,0.0
Neighborhood_Blueste,0.0
Heating_GasW,0.0
BsmtFinType2_Unf,0.0
BsmtFinType2_BLQ,0.0
BsmtFinType2_Rec,0.0
Heating_OthW,0.0
LandContour_Low,0.0
Utilities_AllPub,0.0
Utilities_NoSeWa,0.0
Street_Grvl,0.0
LotConfig_FR2,0.0
Functional_Typ,0.0
Functional_Sev,0.0
Street_Pave,0.0
Functional_Maj2,0.0
Functional_Min1,0.0
Functional_Mod,0.0
GarageType_Basment,0.0
GarageQual_Ex,0.0
MiscVal,0.0
MoSold,0.0
3SsnPorch,0.0
PoolArea,0.0
GarageCond_Ex,0.0
GarageCond_Gd,0.0
